{"cameraMode":{"drawMode":0,"name":"Shaded","section":"Shading Mode"},"sceneLighting":false,"audioPlay":false,"sceneViewState":{"m_AlwaysRefresh":false,"showFog":true,"showSkybox":false,"showFlares":true,"showImageEffects":true,"showParticleSystems":true,"showVisualEffectGraphs":true,"m_FxEnabled":true},"in2DMode":false,"pivot":{"x":-13.375690460205079,"y":-0.04841766506433487,"z":-2.4095711708068849},"rotation":{"x":-0.01642116904258728,"y":0.7711884379386902,"z":-0.019907940179109575,"w":-0.6361006498336792},"size":9.16601848602295,"orthographic":false}