{"cameraMode":{"drawMode":0,"name":"Shaded","section":"Shading Mode"},"sceneLighting":true,"audioPlay":false,"sceneViewState":{"m_AlwaysRefresh":false,"showFog":true,"showSkybox":false,"showFlares":true,"showImageEffects":true,"showParticleSystems":true,"showVisualEffectGraphs":true,"m_FxEnabled":true},"in2DMode":false,"pivot":{"x":17.726858139038087,"y":-10.137566566467286,"z":33.063167572021487},"rotation":{"x":0.06026865541934967,"y":0.9392434358596802,"z":-0.22270289063453675,"w":0.254189670085907},"size":11.531913757324219,"orthographic":false}